cycle,season,genus,colony_id,value,line_group
1,Summer,C,OT_PA1,-4227.965088,PA1_C
2,Summer,C,OT_PA1,-3637.574219,PA1_C
3,Summer,C,OT_PA1,-2519.12085,PA1_C
4,Summer,C,OT_PA1,-1039.26771,PA1_C
5,Summer,C,OT_PA1,-67.30391947,PA1_C
6,Summer,C,OT_PA1,225.5010325,PA1_C
7,Summer,C,OT_PA1,327.8789012,PA1_C
8,Summer,C,OT_PA1,478.3778585,PA1_C
9,Summer,C,OT_PA1,858.1528473,PA1_C
10,Summer,C,OT_PA1,754.3757528,PA1_C
11,Summer,C,OT_PA1,612.1637828,PA1_C
12,Summer,C,OT_PA1,492.5338364,PA1_C
13,Summer,C,OT_PA1,631.9429626,PA1_C
14,Summer,C,OT_PA1,749.9965719,PA1_C
15,Summer,C,OT_PA1,595.8848674,PA1_C
16,Summer,C,OT_PA1,644.5322622,PA1_C
17,Summer,C,OT_PA1,455.8879827,PA1_C
18,Summer,C,OT_PA1,-186.0531769,PA1_C
19,Summer,C,OT_PA1,-314.641449,PA1_C
20,Summer,C,OT_PA1,-374.8026581,PA1_C
21,Summer,C,OT_PA1,-456.9391123,PA1_C
22,Summer,C,OT_PA1,-654.0039673,PA1_C
23,Summer,C,OT_PA1,-917.6417135,PA1_C
24,Summer,C,OT_PA1,-1000.552917,PA1_C
25,Summer,C,OT_PA1,-455.0552775,PA1_C
26,Summer,C,OT_PA1,-191.070638,PA1_C
27,Summer,C,OT_PA1,631.8723246,PA1_C
28,Summer,C,OT_PA1,2859.317912,PA1_C
29,Summer,C,OT_PA1,6191.181478,PA1_C
30,Summer,C,OT_PA1,12378.25814,PA1_C
31,Summer,C,OT_PA1,23860.71126,PA1_C
32,Summer,C,OT_PA1,44263.52214,PA1_C
33,Summer,C,OT_PA1,75388.33464,PA1_C
34,Summer,C,OT_PA1,116275.2318,PA1_C
35,Summer,C,OT_PA1,154578.8568,PA1_C
1,Summer,D,OT_PA1,-1691.880208,PA1_D
2,Summer,D,OT_PA1,-1514.752767,PA1_D
3,Summer,D,OT_PA1,-748.4822184,PA1_D
4,Summer,D,OT_PA1,208.1034838,PA1_D
5,Summer,D,OT_PA1,151.7204269,PA1_D
6,Summer,D,OT_PA1,242.2748718,PA1_D
7,Summer,D,OT_PA1,446.5714925,PA1_D
8,Summer,D,OT_PA1,506.6024831,PA1_D
9,Summer,D,OT_PA1,-89.86650467,PA1_D
10,Summer,D,OT_PA1,-716.9240316,PA1_D
11,Summer,D,OT_PA1,-310.4243011,PA1_D
12,Summer,D,OT_PA1,200.7238973,PA1_D
13,Summer,D,OT_PA1,1570.338262,PA1_D
14,Summer,D,OT_PA1,4859.88208,PA1_D
15,Summer,D,OT_PA1,12275.34798,PA1_D
16,Summer,D,OT_PA1,25725.10872,PA1_D
17,Summer,D,OT_PA1,51622.25651,PA1_D
18,Summer,D,OT_PA1,91969,PA1_D
19,Summer,D,OT_PA1,148758.776,PA1_D
20,Summer,D,OT_PA1,217019.1146,PA1_D
21,Summer,D,OT_PA1,291389.3229,PA1_D
22,Summer,D,OT_PA1,365675.25,PA1_D
23,Summer,D,OT_PA1,434597.6771,PA1_D
24,Summer,D,OT_PA1,495670.9583,PA1_D
25,Summer,D,OT_PA1,548027.3333,PA1_D
26,Summer,D,OT_PA1,594483.5625,PA1_D
27,Summer,D,OT_PA1,633694.9375,PA1_D
28,Summer,D,OT_PA1,665860.7292,PA1_D
29,Summer,D,OT_PA1,692798.1875,PA1_D
30,Summer,D,OT_PA1,715625.3958,PA1_D
31,Summer,D,OT_PA1,735301.1875,PA1_D
32,Summer,D,OT_PA1,750088.2083,PA1_D
33,Summer,D,OT_PA1,762545.7708,PA1_D
34,Summer,D,OT_PA1,771574.7292,PA1_D
35,Summer,D,OT_PA1,778131.2292,PA1_D
1,Fall,C,OT_PA1,-332.90389,PA1_C
2,Fall,C,OT_PA1,-227.3714193,PA1_C
3,Fall,C,OT_PA1,-521.3282267,PA1_C
4,Fall,C,OT_PA1,-263.1550191,PA1_C
5,Fall,C,OT_PA1,-146.947848,PA1_C
6,Fall,C,OT_PA1,-96.4386464,PA1_C
7,Fall,C,OT_PA1,119.9872335,PA1_C
8,Fall,C,OT_PA1,124.1579056,PA1_C
9,Fall,C,OT_PA1,156.0577443,PA1_C
10,Fall,C,OT_PA1,237.7518514,PA1_C
11,Fall,C,OT_PA1,218.6464945,PA1_C
12,Fall,C,OT_PA1,323.6843465,PA1_C
13,Fall,C,OT_PA1,338.8862712,PA1_C
14,Fall,C,OT_PA1,316.1428731,PA1_C
15,Fall,C,OT_PA1,475.6820443,PA1_C
16,Fall,C,OT_PA1,535.2147051,PA1_C
17,Fall,C,OT_PA1,167.7733892,PA1_C
18,Fall,C,OT_PA1,-31.49863942,PA1_C
19,Fall,C,OT_PA1,-108.9386571,PA1_C
20,Fall,C,OT_PA1,-225.7146022,PA1_C
21,Fall,C,OT_PA1,-339.8434041,PA1_C
22,Fall,C,OT_PA1,-455.2834218,PA1_C
23,Fall,C,OT_PA1,-493.0176799,PA1_C
24,Fall,C,OT_PA1,-408.6321665,PA1_C
25,Fall,C,OT_PA1,-447.6294708,PA1_C
26,Fall,C,OT_PA1,-414.1475906,PA1_C
27,Fall,C,OT_PA1,-294.0693766,PA1_C
28,Fall,C,OT_PA1,-180.0171892,PA1_C
29,Fall,C,OT_PA1,257.8058319,PA1_C
30,Fall,C,OT_PA1,680.8502248,PA1_C
31,Fall,C,OT_PA1,1069.654948,PA1_C
32,Fall,C,OT_PA1,1551.850384,PA1_C
33,Fall,C,OT_PA1,2640.056315,PA1_C
34,Fall,C,OT_PA1,4151.429891,PA1_C
35,Fall,C,OT_PA1,5659.001831,PA1_C
1,Fall,D,OT_PA1,2840.326294,PA1_D
2,Fall,D,OT_PA1,2390.382813,PA1_D
3,Fall,D,OT_PA1,249.7050985,PA1_D
4,Fall,D,OT_PA1,-213.2981974,PA1_D
5,Fall,D,OT_PA1,-69.78066254,PA1_D
6,Fall,D,OT_PA1,-57.04697673,PA1_D
7,Fall,D,OT_PA1,164.9445241,PA1_D
8,Fall,D,OT_PA1,370.7901888,PA1_D
9,Fall,D,OT_PA1,-15.80166626,PA1_D
10,Fall,D,OT_PA1,-405.3726654,PA1_D
11,Fall,D,OT_PA1,-278.2040749,PA1_D
12,Fall,D,OT_PA1,36.3473053,PA1_D
13,Fall,D,OT_PA1,528.4585953,PA1_D
14,Fall,D,OT_PA1,1355.752146,PA1_D
15,Fall,D,OT_PA1,2048.220235,PA1_D
16,Fall,D,OT_PA1,2825.776917,PA1_D
17,Fall,D,OT_PA1,3873.791667,PA1_D
18,Fall,D,OT_PA1,5145.996826,PA1_D
19,Fall,D,OT_PA1,6851.957113,PA1_D
20,Fall,D,OT_PA1,10004.2194,PA1_D
21,Fall,D,OT_PA1,14784.01042,PA1_D
22,Fall,D,OT_PA1,22200.54329,PA1_D
23,Fall,D,OT_PA1,32080.92513,PA1_D
24,Fall,D,OT_PA1,45159.79264,PA1_D
25,Fall,D,OT_PA1,61588.33789,PA1_D
26,Fall,D,OT_PA1,81625.27344,PA1_D
27,Fall,D,OT_PA1,104418.4948,PA1_D
28,Fall,D,OT_PA1,128843.6654,PA1_D
29,Fall,D,OT_PA1,155183.7435,PA1_D
30,Fall,D,OT_PA1,181364.7943,PA1_D
31,Fall,D,OT_PA1,207025.6849,PA1_D
32,Fall,D,OT_PA1,232504.7318,PA1_D
33,Fall,D,OT_PA1,256242.4479,PA1_D
34,Fall,D,OT_PA1,278383.75,PA1_D
35,Fall,D,OT_PA1,296680.0052,PA1_D
1,Winter,C,OT_PA1,-1660.659505,PA1_C
2,Winter,C,OT_PA1,-1476.435669,PA1_C
3,Winter,C,OT_PA1,-411.3566055,PA1_C
4,Winter,C,OT_PA1,-325.6327871,PA1_C
5,Winter,C,OT_PA1,-123.0322673,PA1_C
6,Winter,C,OT_PA1,-111.9822693,PA1_C
7,Winter,C,OT_PA1,148.0648648,PA1_C
8,Winter,C,OT_PA1,159.0536696,PA1_C
9,Winter,C,OT_PA1,321.5708478,PA1_C
10,Winter,C,OT_PA1,302.0192947,PA1_C
11,Winter,C,OT_PA1,234.8886922,PA1_C
12,Winter,C,OT_PA1,216.0187683,PA1_C
13,Winter,C,OT_PA1,191.8627828,PA1_C
14,Winter,C,OT_PA1,198.5182495,PA1_C
15,Winter,C,OT_PA1,53.4866066,PA1_C
16,Winter,C,OT_PA1,-90.08123525,PA1_C
17,Winter,C,OT_PA1,-313.5367126,PA1_C
18,Winter,C,OT_PA1,-306.2744751,PA1_C
19,Winter,C,OT_PA1,313.0506719,PA1_C
20,Winter,C,OT_PA1,618.1612244,PA1_C
21,Winter,C,OT_PA1,3177.255805,PA1_C
22,Winter,C,OT_PA1,4511.539449,PA1_C
23,Winter,C,OT_PA1,12148.63793,PA1_C
24,Winter,C,OT_PA1,15507.36835,PA1_C
25,Winter,C,OT_PA1,32659.01501,PA1_C
26,Winter,C,OT_PA1,39501.30046,PA1_C
27,Winter,C,OT_PA1,63247.92623,PA1_C
28,Winter,C,OT_PA1,71564.18042,PA1_C
29,Winter,C,OT_PA1,99068.95662,PA1_C
30,Winter,C,OT_PA1,108427.1476,PA1_C
31,Winter,C,OT_PA1,137535.098,PA1_C
32,Winter,C,OT_PA1,147248.4329,PA1_C
33,Winter,C,OT_PA1,180332.6898,PA1_C
34,Winter,C,OT_PA1,192062.737,PA1_C
35,Winter,C,OT_PA1,213341.8672,PA1_C
1,Winter,D,OT_PA1,933.6861572,PA1_D
2,Winter,D,OT_PA1,576.9242554,PA1_D
3,Winter,D,OT_PA1,136.5972443,PA1_D
4,Winter,D,OT_PA1,-167.6008619,PA1_D
5,Winter,D,OT_PA1,-177.6544418,PA1_D
6,Winter,D,OT_PA1,-32.09733327,PA1_D
7,Winter,D,OT_PA1,29.96235784,PA1_D
8,Winter,D,OT_PA1,211.8111315,PA1_D
9,Winter,D,OT_PA1,222.6846263,PA1_D
10,Winter,D,OT_PA1,74.37454732,PA1_D
11,Winter,D,OT_PA1,-31.89127096,PA1_D
12,Winter,D,OT_PA1,-82.76776759,PA1_D
13,Winter,D,OT_PA1,-114.7419138,PA1_D
14,Winter,D,OT_PA1,-171.9009603,PA1_D
15,Winter,D,OT_PA1,-14.76052729,PA1_D
16,Winter,D,OT_PA1,153.5869293,PA1_D
17,Winter,D,OT_PA1,444.5437749,PA1_D
18,Winter,D,OT_PA1,918.1099854,PA1_D
19,Winter,D,OT_PA1,1800.012151,PA1_D
20,Winter,D,OT_PA1,3168.748871,PA1_D
21,Winter,D,OT_PA1,5048.763097,PA1_D
22,Winter,D,OT_PA1,8452.904602,PA1_D
23,Winter,D,OT_PA1,13759.4408,PA1_D
24,Winter,D,OT_PA1,21965.4233,PA1_D
25,Winter,D,OT_PA1,33601.08482,PA1_D
26,Winter,D,OT_PA1,49911.84399,PA1_D
27,Winter,D,OT_PA1,70204.38574,PA1_D
28,Winter,D,OT_PA1,94076.67745,PA1_D
29,Winter,D,OT_PA1,120757.5629,PA1_D
30,Winter,D,OT_PA1,149114.4432,PA1_D
31,Winter,D,OT_PA1,177100.2662,PA1_D
32,Winter,D,OT_PA1,204007.0137,PA1_D
33,Winter,D,OT_PA1,229479.3158,PA1_D
34,Winter,D,OT_PA1,253166.9644,PA1_D
35,Winter,D,OT_PA1,271843.2013,PA1_D
1,Spring,C,OT_PA1,-2059.024455,PA1_C
2,Spring,C,OT_PA1,-1924.043111,PA1_C
3,Spring,C,OT_PA1,-1031.412011,PA1_C
4,Spring,C,OT_PA1,-531.7809397,PA1_C
5,Spring,C,OT_PA1,-423.7735647,PA1_C
6,Spring,C,OT_PA1,64.23901367,PA1_C
7,Spring,C,OT_PA1,316.3987427,PA1_C
8,Spring,C,OT_PA1,473.0181147,PA1_C
9,Spring,C,OT_PA1,434.1609141,PA1_C
10,Spring,C,OT_PA1,343.4899012,PA1_C
11,Spring,C,OT_PA1,150.1431274,PA1_C
12,Spring,C,OT_PA1,65.16872787,PA1_C
13,Spring,C,OT_PA1,296.6253103,PA1_C
14,Spring,C,OT_PA1,262.9204712,PA1_C
15,Spring,C,OT_PA1,127.4317322,PA1_C
16,Spring,C,OT_PA1,186.6578776,PA1_C
17,Spring,C,OT_PA1,19.62358602,PA1_C
18,Spring,C,OT_PA1,-116.3625081,PA1_C
19,Spring,C,OT_PA1,-722.5335236,PA1_C
20,Spring,C,OT_PA1,-903.1940918,PA1_C
21,Spring,C,OT_PA1,-1141.848165,PA1_C
22,Spring,C,OT_PA1,-1188.477519,PA1_C
23,Spring,C,OT_PA1,-795.7005742,PA1_C
24,Spring,C,OT_PA1,-990.0226854,PA1_C
25,Spring,C,OT_PA1,-1520.848629,PA1_C
26,Spring,C,OT_PA1,-1611.069107,PA1_C
27,Spring,C,OT_PA1,-1361.458844,PA1_C
28,Spring,C,OT_PA1,-1799.693649,PA1_C
29,Spring,C,OT_PA1,-1414.864644,PA1_C
30,Spring,C,OT_PA1,-169.4457906,PA1_C
31,Spring,C,OT_PA1,1093.038175,PA1_C
32,Spring,C,OT_PA1,2857.503906,PA1_C
33,Spring,C,OT_PA1,5605.420169,PA1_C
34,Spring,C,OT_PA1,9907.878418,PA1_C
35,Spring,C,OT_PA1,14494.29956,PA1_C
1,Spring,D,OT_PA1,-5577.788981,PA1_D
2,Spring,D,OT_PA1,-4952.969889,PA1_D
3,Spring,D,OT_PA1,-3725.582886,PA1_D
4,Spring,D,OT_PA1,-2020.633464,PA1_D
5,Spring,D,OT_PA1,-726.8793844,PA1_D
6,Spring,D,OT_PA1,264.4346364,PA1_D
7,Spring,D,OT_PA1,708.8918559,PA1_D
8,Spring,D,OT_PA1,694.3256429,PA1_D
9,Spring,D,OT_PA1,312.9287313,PA1_D
10,Spring,D,OT_PA1,18.55521647,PA1_D
11,Spring,D,OT_PA1,270.0515111,PA1_D
12,Spring,D,OT_PA1,1056.951497,PA1_D
13,Spring,D,OT_PA1,1432.288961,PA1_D
14,Spring,D,OT_PA1,1246.126363,PA1_D
15,Spring,D,OT_PA1,1145.43516,PA1_D
16,Spring,D,OT_PA1,963.5121562,PA1_D
17,Spring,D,OT_PA1,903.4069214,PA1_D
18,Spring,D,OT_PA1,906.7756144,PA1_D
19,Spring,D,OT_PA1,614.131265,PA1_D
20,Spring,D,OT_PA1,573.7760175,PA1_D
21,Spring,D,OT_PA1,189.8426361,PA1_D
22,Spring,D,OT_PA1,-360.8120931,PA1_D
23,Spring,D,OT_PA1,-232.2454936,PA1_D
24,Spring,D,OT_PA1,-4.301307042,PA1_D
25,Spring,D,OT_PA1,-478.7893778,PA1_D
26,Spring,D,OT_PA1,-550.7409871,PA1_D
27,Spring,D,OT_PA1,-490.0623983,PA1_D
28,Spring,D,OT_PA1,-433.2978795,PA1_D
29,Spring,D,OT_PA1,-499.259903,PA1_D
30,Spring,D,OT_PA1,-560.2740377,PA1_D
31,Spring,D,OT_PA1,-414.7282368,PA1_D
32,Spring,D,OT_PA1,-417.9376844,PA1_D
33,Spring,D,OT_PA1,-333.829422,PA1_D
34,Spring,D,OT_PA1,-52.05967204,PA1_D
35,Spring,D,OT_PA1,429.5616048,PA1_D
1,Summer,C,OT_PA2,4364.437866,PA2_C
2,Summer,C,OT_PA2,4144.399658,PA2_C
3,Summer,C,OT_PA2,2935.185974,PA2_C
4,Summer,C,OT_PA2,1731.733765,PA2_C
5,Summer,C,OT_PA2,1161.91452,PA2_C
6,Summer,C,OT_PA2,617.0366516,PA2_C
7,Summer,C,OT_PA2,271.5767193,PA2_C
8,Summer,C,OT_PA2,47.81602478,PA2_C
9,Summer,C,OT_PA2,-279.9485779,PA2_C
10,Summer,C,OT_PA2,-597.314743,PA2_C
11,Summer,C,OT_PA2,-849.3059082,PA2_C
12,Summer,C,OT_PA2,-1042.761902,PA2_C
13,Summer,C,OT_PA2,-1061.573395,PA2_C
14,Summer,C,OT_PA2,-1145.916077,PA2_C
15,Summer,C,OT_PA2,-1118.137756,PA2_C
16,Summer,C,OT_PA2,-940.2226868,PA2_C
17,Summer,C,OT_PA2,-712.7723999,PA2_C
18,Summer,C,OT_PA2,-529.4705887,PA2_C
19,Summer,C,OT_PA2,-862.5281982,PA2_C
20,Summer,C,OT_PA2,-887.7927856,PA2_C
21,Summer,C,OT_PA2,-535.3112793,PA2_C
22,Summer,C,OT_PA2,-404.3727541,PA2_C
23,Summer,C,OT_PA2,-395.0435982,PA2_C
24,Summer,C,OT_PA2,-508.7417908,PA2_C
25,Summer,C,OT_PA2,-225.6313972,PA2_C
26,Summer,C,OT_PA2,34.08837366,PA2_C
27,Summer,C,OT_PA2,226.323761,PA2_C
28,Summer,C,OT_PA2,422.6451073,PA2_C
29,Summer,C,OT_PA2,862.6344299,PA2_C
30,Summer,C,OT_PA2,728.1471405,PA2_C
31,Summer,C,OT_PA2,131.6013126,PA2_C
32,Summer,C,OT_PA2,337.3054523,PA2_C
33,Summer,C,OT_PA2,1240.704895,PA2_C
34,Summer,C,OT_PA2,1348.131744,PA2_C
35,Summer,C,OT_PA2,1733.593689,PA2_C
1,Summer,D,OT_PA2,3227.318115,PA2_D
2,Summer,D,OT_PA2,3013.749105,PA2_D
3,Summer,D,OT_PA2,2298.143555,PA2_D
4,Summer,D,OT_PA2,1533.399984,PA2_D
5,Summer,D,OT_PA2,931.9689535,PA2_D
6,Summer,D,OT_PA2,553.5535482,PA2_D
7,Summer,D,OT_PA2,405.3334401,PA2_D
8,Summer,D,OT_PA2,152.4076029,PA2_D
9,Summer,D,OT_PA2,-235.9479141,PA2_D
10,Summer,D,OT_PA2,-441.6992696,PA2_D
11,Summer,D,OT_PA2,-402.4089661,PA2_D
12,Summer,D,OT_PA2,-759.8347778,PA2_D
13,Summer,D,OT_PA2,-822.612203,PA2_D
14,Summer,D,OT_PA2,-694.8375041,PA2_D
15,Summer,D,OT_PA2,-766.5315755,PA2_D
16,Summer,D,OT_PA2,-709.4704183,PA2_D
17,Summer,D,OT_PA2,-955.5707092,PA2_D
18,Summer,D,OT_PA2,-1053.947083,PA2_D
19,Summer,D,OT_PA2,-906.4953003,PA2_D
20,Summer,D,OT_PA2,-840.6294657,PA2_D
21,Summer,D,OT_PA2,-755.4381205,PA2_D
22,Summer,D,OT_PA2,-751.1634356,PA2_D
23,Summer,D,OT_PA2,-646.899147,PA2_D
24,Summer,D,OT_PA2,-322.4656092,PA2_D
25,Summer,D,OT_PA2,-9.487798055,PA2_D
26,Summer,D,OT_PA2,245.9717865,PA2_D
27,Summer,D,OT_PA2,342.1631317,PA2_D
28,Summer,D,OT_PA2,332.0914714,PA2_D
29,Summer,D,OT_PA2,430.7541809,PA2_D
30,Summer,D,OT_PA2,386.6668905,PA2_D
31,Summer,D,OT_PA2,546.8269857,PA2_D
32,Summer,D,OT_PA2,693.9402262,PA2_D
33,Summer,D,OT_PA2,950.2019043,PA2_D
34,Summer,D,OT_PA2,1272.015605,PA2_D
35,Summer,D,OT_PA2,1766.782491,PA2_D
1,Fall,C,OT_PA2,-2574.802246,PA2_C
2,Fall,C,OT_PA2,-3284.11849,PA2_C
3,Fall,C,OT_PA2,-3612.911621,PA2_C
4,Fall,C,OT_PA2,-2660.583333,PA2_C
5,Fall,C,OT_PA2,827.3802134,PA2_C
6,Fall,C,OT_PA2,1342.548198,PA2_C
7,Fall,C,OT_PA2,947.2109528,PA2_C
8,Fall,C,OT_PA2,679.6185201,PA2_C
9,Fall,C,OT_PA2,561.7109782,PA2_C
10,Fall,C,OT_PA2,497.2031808,PA2_C
11,Fall,C,OT_PA2,496.5248362,PA2_C
12,Fall,C,OT_PA2,1236.287865,PA2_C
13,Fall,C,OT_PA2,1040.993627,PA2_C
14,Fall,C,OT_PA2,766.2215271,PA2_C
15,Fall,C,OT_PA2,296.3178813,PA2_C
16,Fall,C,OT_PA2,-154.4620361,PA2_C
17,Fall,C,OT_PA2,-141.3304952,PA2_C
18,Fall,C,OT_PA2,443.8205363,PA2_C
19,Fall,C,OT_PA2,233.9924571,PA2_C
20,Fall,C,OT_PA2,-106.1325175,PA2_C
21,Fall,C,OT_PA2,-6.288772583,PA2_C
22,Fall,C,OT_PA2,32.1500651,PA2_C
23,Fall,C,OT_PA2,-186.8863525,PA2_C
24,Fall,C,OT_PA2,-496.4592641,PA2_C
25,Fall,C,OT_PA2,-446.8928324,PA2_C
26,Fall,C,OT_PA2,-515.9657475,PA2_C
27,Fall,C,OT_PA2,-422.13237,PA2_C
28,Fall,C,OT_PA2,-621.383667,PA2_C
29,Fall,C,OT_PA2,-615.3589147,PA2_C
30,Fall,C,OT_PA2,-573.8875224,PA2_C
31,Fall,C,OT_PA2,-256.4682414,PA2_C
32,Fall,C,OT_PA2,201.147672,PA2_C
33,Fall,C,OT_PA2,578.7336324,PA2_C
34,Fall,C,OT_PA2,1418.926366,PA2_C
35,Fall,C,OT_PA2,2312.022736,PA2_C
1,Fall,D,OT_PA2,2534.319173,PA2_D
2,Fall,D,OT_PA2,2222.495158,PA2_D
3,Fall,D,OT_PA2,1077.882248,PA2_D
4,Fall,D,OT_PA2,344.9150918,PA2_D
5,Fall,D,OT_PA2,128.2422358,PA2_D
6,Fall,D,OT_PA2,-165.633756,PA2_D
7,Fall,D,OT_PA2,-517.5019449,PA2_D
8,Fall,D,OT_PA2,-592.1044795,PA2_D
9,Fall,D,OT_PA2,-539.4830826,PA2_D
10,Fall,D,OT_PA2,-579.958046,PA2_D
11,Fall,D,OT_PA2,-269.9903005,PA2_D
12,Fall,D,OT_PA2,646.6206945,PA2_D
13,Fall,D,OT_PA2,1047.624896,PA2_D
14,Fall,D,OT_PA2,1576.761892,PA2_D
15,Fall,D,OT_PA2,2905.479717,PA2_D
16,Fall,D,OT_PA2,4882.520467,PA2_D
17,Fall,D,OT_PA2,7579.430827,PA2_D
18,Fall,D,OT_PA2,11856.8858,PA2_D
19,Fall,D,OT_PA2,18117.43907,PA2_D
20,Fall,D,OT_PA2,26930.68538,PA2_D
21,Fall,D,OT_PA2,37927.48443,PA2_D
22,Fall,D,OT_PA2,51567.19102,PA2_D
23,Fall,D,OT_PA2,67370.89892,PA2_D
24,Fall,D,OT_PA2,84829.76697,PA2_D
25,Fall,D,OT_PA2,102595.971,PA2_D
26,Fall,D,OT_PA2,121008.4796,PA2_D
27,Fall,D,OT_PA2,138882.2435,PA2_D
28,Fall,D,OT_PA2,155805.148,PA2_D
29,Fall,D,OT_PA2,172420.9015,PA2_D
30,Fall,D,OT_PA2,187879.1185,PA2_D
31,Fall,D,OT_PA2,201598.7366,PA2_D
32,Fall,D,OT_PA2,214637.5265,PA2_D
33,Fall,D,OT_PA2,226213.2539,PA2_D
34,Fall,D,OT_PA2,236945.9814,PA2_D
35,Fall,D,OT_PA2,245406.5734,PA2_D
1,Winter,C,OT_PA2,-2278.035339,PA2_C
2,Winter,C,OT_PA2,-1421.651622,PA2_C
3,Winter,C,OT_PA2,-174.1246999,PA2_C
4,Winter,C,OT_PA2,231.2642212,PA2_C
5,Winter,C,OT_PA2,404.2117284,PA2_C
6,Winter,C,OT_PA2,657.3206889,PA2_C
7,Winter,C,OT_PA2,785.3554433,PA2_C
8,Winter,C,OT_PA2,805.878465,PA2_C
9,Winter,C,OT_PA2,778.3689423,PA2_C
10,Winter,C,OT_PA2,770.9466604,PA2_C
11,Winter,C,OT_PA2,901.3824463,PA2_C
12,Winter,C,OT_PA2,1044.030474,PA2_C
13,Winter,C,OT_PA2,911.4910029,PA2_C
14,Winter,C,OT_PA2,1163.787486,PA2_C
15,Winter,C,OT_PA2,2405.698503,PA2_C
16,Winter,C,OT_PA2,2992.958518,PA2_C
17,Winter,C,OT_PA2,3350.411241,PA2_C
18,Winter,C,OT_PA2,3420.540886,PA2_C
19,Winter,C,OT_PA2,3571.998978,PA2_C
20,Winter,C,OT_PA2,3666.997116,PA2_C
21,Winter,C,OT_PA2,3885.086721,PA2_C
22,Winter,C,OT_PA2,4016.264537,PA2_C
23,Winter,C,OT_PA2,3951.114563,PA2_C
24,Winter,C,OT_PA2,4066.903061,PA2_C
25,Winter,C,OT_PA2,4199.592926,PA2_C
26,Winter,C,OT_PA2,4430.826731,PA2_C
27,Winter,C,OT_PA2,4325.460612,PA2_C
28,Winter,C,OT_PA2,4030.085047,PA2_C
29,Winter,C,OT_PA2,3920.213715,PA2_C
30,Winter,C,OT_PA2,3997.141541,PA2_C
31,Winter,C,OT_PA2,4140.749371,PA2_C
32,Winter,C,OT_PA2,5640.333771,PA2_C
33,Winter,C,OT_PA2,5891.049347,PA2_C
34,Winter,C,OT_PA2,6131.792277,PA2_C
35,Winter,C,OT_PA2,6283.824259,PA2_C
1,Winter,D,OT_PA2,703.7435303,PA2_D
2,Winter,D,OT_PA2,455.9327799,PA2_D
3,Winter,D,OT_PA2,94.99317424,PA2_D
4,Winter,D,OT_PA2,98.29701233,PA2_D
5,Winter,D,OT_PA2,2.379524231,PA2_D
6,Winter,D,OT_PA2,14.00499725,PA2_D
7,Winter,D,OT_PA2,108.2971497,PA2_D
8,Winter,D,OT_PA2,-141.4016012,PA2_D
9,Winter,D,OT_PA2,-15.66285706,PA2_D
10,Winter,D,OT_PA2,290.8272107,PA2_D
11,Winter,D,OT_PA2,281.2196045,PA2_D
12,Winter,D,OT_PA2,118.1263326,PA2_D
13,Winter,D,OT_PA2,16.7700386,PA2_D
14,Winter,D,OT_PA2,-133.8375651,PA2_D
15,Winter,D,OT_PA2,-409.4712016,PA2_D
16,Winter,D,OT_PA2,-288.5449524,PA2_D
17,Winter,D,OT_PA2,-122.484581,PA2_D
18,Winter,D,OT_PA2,-75.10519791,PA2_D
19,Winter,D,OT_PA2,-58.39899778,PA2_D
20,Winter,D,OT_PA2,7.981684367,PA2_D
21,Winter,D,OT_PA2,138.8259074,PA2_D
22,Winter,D,OT_PA2,581.4604937,PA2_D
23,Winter,D,OT_PA2,707.2279092,PA2_D
24,Winter,D,OT_PA2,968.6984507,PA2_D
25,Winter,D,OT_PA2,1139.045293,PA2_D
26,Winter,D,OT_PA2,1881.264445,PA2_D
27,Winter,D,OT_PA2,2673.511037,PA2_D
28,Winter,D,OT_PA2,3332.127255,PA2_D
29,Winter,D,OT_PA2,4198.130519,PA2_D
30,Winter,D,OT_PA2,5227.04231,PA2_D
31,Winter,D,OT_PA2,6398.640626,PA2_D
32,Winter,D,OT_PA2,7688.404266,PA2_D
33,Winter,D,OT_PA2,9365.289691,PA2_D
34,Winter,D,OT_PA2,11662.67188,PA2_D
35,Winter,D,OT_PA2,13415.47005,PA2_D
1,Spring,C,OT_PA2,-1380.394938,PA2_C
2,Spring,C,OT_PA2,-435.5287679,PA2_C
3,Spring,C,OT_PA2,-101.8005575,PA2_C
4,Spring,C,OT_PA2,242.7895508,PA2_C
5,Spring,C,OT_PA2,378.2885386,PA2_C
6,Spring,C,OT_PA2,178.5921987,PA2_C
7,Spring,C,OT_PA2,-91.37235006,PA2_C
8,Spring,C,OT_PA2,-288.3082682,PA2_C
9,Spring,C,OT_PA2,-648.0853068,PA2_C
10,Spring,C,OT_PA2,-462.7686259,PA2_C
11,Spring,C,OT_PA2,-289.0248451,PA2_C
12,Spring,C,OT_PA2,-103.3409608,PA2_C
13,Spring,C,OT_PA2,-128.508639,PA2_C
14,Spring,C,OT_PA2,76.56065241,PA2_C
15,Spring,C,OT_PA2,574.1481908,PA2_C
16,Spring,C,OT_PA2,280.2096761,PA2_C
17,Spring,C,OT_PA2,79.14093018,PA2_C
18,Spring,C,OT_PA2,125.0487823,PA2_C
19,Spring,C,OT_PA2,-26.32724508,PA2_C
20,Spring,C,OT_PA2,21.15875244,PA2_C
21,Spring,C,OT_PA2,8.725423177,PA2_C
22,Spring,C,OT_PA2,-122.0151825,PA2_C
23,Spring,C,OT_PA2,-143.9224167,PA2_C
24,Spring,C,OT_PA2,358.3291448,PA2_C
25,Spring,C,OT_PA2,326.1302185,PA2_C
26,Spring,C,OT_PA2,416.9885763,PA2_C
27,Spring,C,OT_PA2,349.9250692,PA2_C
28,Spring,C,OT_PA2,128.4110311,PA2_C
29,Spring,C,OT_PA2,-13.31653849,PA2_C
30,Spring,C,OT_PA2,135.0418294,PA2_C
31,Spring,C,OT_PA2,778.6684519,PA2_C
32,Spring,C,OT_PA2,1257.084035,PA2_C
33,Spring,C,OT_PA2,1647.916458,PA2_C
34,Spring,C,OT_PA2,2466.23823,PA2_C
35,Spring,C,OT_PA2,2977.409261,PA2_C
1,Spring,D,OT_PA2,-982.1142069,PA2_D
2,Spring,D,OT_PA2,-781.8378601,PA2_D
3,Spring,D,OT_PA2,-149.7463913,PA2_D
4,Spring,D,OT_PA2,247.0377731,PA2_D
5,Spring,D,OT_PA2,153.499026,PA2_D
6,Spring,D,OT_PA2,102.3222593,PA2_D
7,Spring,D,OT_PA2,-23.29461797,PA2_D
8,Spring,D,OT_PA2,-218.0469004,PA2_D
9,Spring,D,OT_PA2,-99.93982951,PA2_D
10,Spring,D,OT_PA2,-84.97597249,PA2_D
11,Spring,D,OT_PA2,-78.49907684,PA2_D
12,Spring,D,OT_PA2,-177.9649175,PA2_D
13,Spring,D,OT_PA2,58.72029877,PA2_D
14,Spring,D,OT_PA2,144.8664462,PA2_D
15,Spring,D,OT_PA2,72.46050644,PA2_D
16,Spring,D,OT_PA2,104.2342618,PA2_D
17,Spring,D,OT_PA2,561.3465373,PA2_D
18,Spring,D,OT_PA2,1094.284383,PA2_D
19,Spring,D,OT_PA2,2101.646647,PA2_D
20,Spring,D,OT_PA2,3759.102702,PA2_D
21,Spring,D,OT_PA2,6038.652507,PA2_D
22,Spring,D,OT_PA2,9769.843099,PA2_D
23,Spring,D,OT_PA2,14365.236,PA2_D
24,Spring,D,OT_PA2,21377.34668,PA2_D
25,Spring,D,OT_PA2,30891.70313,PA2_D
26,Spring,D,OT_PA2,43365.66211,PA2_D
27,Spring,D,OT_PA2,59654.78516,PA2_D
28,Spring,D,OT_PA2,77995.32943,PA2_D
29,Spring,D,OT_PA2,100059.0026,PA2_D
30,Spring,D,OT_PA2,124012.9557,PA2_D
31,Spring,D,OT_PA2,149917.8151,PA2_D
32,Spring,D,OT_PA2,177021.0781,PA2_D
33,Spring,D,OT_PA2,203980.7188,PA2_D
34,Spring,D,OT_PA2,230627.1458,PA2_D
35,Spring,D,OT_PA2,252796.6667,PA2_D
1,Summer,C,OT_PA5,768.112559,PA5_C
2,Summer,C,OT_PA5,1228.161189,PA5_C
3,Summer,C,OT_PA5,912.1029854,PA5_C
4,Summer,C,OT_PA5,412.3520508,PA5_C
5,Summer,C,OT_PA5,499.9604925,PA5_C
6,Summer,C,OT_PA5,-32.4727122,PA5_C
7,Summer,C,OT_PA5,-516.7861226,PA5_C
8,Summer,C,OT_PA5,-435.1672618,PA5_C
9,Summer,C,OT_PA5,-540.8374653,PA5_C
10,Summer,C,OT_PA5,-405.0753708,PA5_C
11,Summer,C,OT_PA5,-528.3444926,PA5_C
12,Summer,C,OT_PA5,-411.5563965,PA5_C
13,Summer,C,OT_PA5,-155.729187,PA5_C
14,Summer,C,OT_PA5,-347.6025136,PA5_C
15,Summer,C,OT_PA5,-257.509697,PA5_C
16,Summer,C,OT_PA5,227.3070984,PA5_C
17,Summer,C,OT_PA5,709.9598109,PA5_C
18,Summer,C,OT_PA5,824.1594054,PA5_C
19,Summer,C,OT_PA5,966.1402435,PA5_C
20,Summer,C,OT_PA5,1633.329498,PA5_C
21,Summer,C,OT_PA5,2269.534215,PA5_C
22,Summer,C,OT_PA5,2873.554194,PA5_C
23,Summer,C,OT_PA5,3420.053192,PA5_C
24,Summer,C,OT_PA5,4379.224223,PA5_C
25,Summer,C,OT_PA5,5752.538472,PA5_C
26,Summer,C,OT_PA5,8258.93838,PA5_C
27,Summer,C,OT_PA5,12060.39052,PA5_C
28,Summer,C,OT_PA5,18491.82397,PA5_C
29,Summer,C,OT_PA5,28832.20337,PA5_C
30,Summer,C,OT_PA5,44472.41805,PA5_C
31,Summer,C,OT_PA5,64617.604,PA5_C
32,Summer,C,OT_PA5,88000.65332,PA5_C
33,Summer,C,OT_PA5,113656.4606,PA5_C
34,Summer,C,OT_PA5,140330.5228,PA5_C
35,Summer,C,OT_PA5,163776.6191,PA5_C
1,Summer,D,OT_PA5,1105.19459,PA5_D
2,Summer,D,OT_PA5,881.1186066,PA5_D
3,Summer,D,OT_PA5,107.1128743,PA5_D
4,Summer,D,OT_PA5,51.12800852,PA5_D
5,Summer,D,OT_PA5,1.971262614,PA5_D
6,Summer,D,OT_PA5,-228.2792409,PA5_D
7,Summer,D,OT_PA5,-90.97764254,PA5_D
8,Summer,D,OT_PA5,-3.301059723,PA5_D
9,Summer,D,OT_PA5,126.2375069,PA5_D
10,Summer,D,OT_PA5,204.6068026,PA5_D
11,Summer,D,OT_PA5,636.0464122,PA5_D
12,Summer,D,OT_PA5,1301.90269,PA5_D
13,Summer,D,OT_PA5,1908.665243,PA5_D
14,Summer,D,OT_PA5,3354.748047,PA5_D
15,Summer,D,OT_PA5,5630.937826,PA5_D
16,Summer,D,OT_PA5,9282.260091,PA5_D
17,Summer,D,OT_PA5,14839.02539,PA5_D
18,Summer,D,OT_PA5,23660.69922,PA5_D
19,Summer,D,OT_PA5,37636.85221,PA5_D
20,Summer,D,OT_PA5,56586.52734,PA5_D
21,Summer,D,OT_PA5,81190.65234,PA5_D
22,Summer,D,OT_PA5,110357.4635,PA5_D
23,Summer,D,OT_PA5,142934.3411,PA5_D
24,Summer,D,OT_PA5,176833.6458,PA5_D
25,Summer,D,OT_PA5,210836.3229,PA5_D
26,Summer,D,OT_PA5,243536.4896,PA5_D
27,Summer,D,OT_PA5,275069.8021,PA5_D
28,Summer,D,OT_PA5,303505.5938,PA5_D
29,Summer,D,OT_PA5,329496.5052,PA5_D
30,Summer,D,OT_PA5,353334.3073,PA5_D
31,Summer,D,OT_PA5,375071.1771,PA5_D
32,Summer,D,OT_PA5,394451.3854,PA5_D
33,Summer,D,OT_PA5,411735.6875,PA5_D
34,Summer,D,OT_PA5,427323.5313,PA5_D
35,Summer,D,OT_PA5,439532.8333,PA5_D
1,Fall,C,OT_PA5,-4430.808065,PA5_C
2,Fall,C,OT_PA5,-3414.681783,PA5_C
3,Fall,C,OT_PA5,-1850.534403,PA5_C
4,Fall,C,OT_PA5,-215.3376592,PA5_C
5,Fall,C,OT_PA5,920.2184804,PA5_C
6,Fall,C,OT_PA5,1063.971202,PA5_C
7,Fall,C,OT_PA5,445.739563,PA5_C
8,Fall,C,OT_PA5,70.82951609,PA5_C
9,Fall,C,OT_PA5,173.5484069,PA5_C
10,Fall,C,OT_PA5,229.0329285,PA5_C
11,Fall,C,OT_PA5,346.7960714,PA5_C
12,Fall,C,OT_PA5,343.3287557,PA5_C
13,Fall,C,OT_PA5,138.2234294,PA5_C
14,Fall,C,OT_PA5,17.25090027,PA5_C
15,Fall,C,OT_PA5,29.19504038,PA5_C
16,Fall,C,OT_PA5,-194.4740931,PA5_C
17,Fall,C,OT_PA5,-210.7539266,PA5_C
18,Fall,C,OT_PA5,-173.6014404,PA5_C
19,Fall,C,OT_PA5,-235.5739574,PA5_C
20,Fall,C,OT_PA5,-149.5594966,PA5_C
21,Fall,C,OT_PA5,-170.6765671,PA5_C
22,Fall,C,OT_PA5,-196.5175718,PA5_C
23,Fall,C,OT_PA5,-243.6632818,PA5_C
24,Fall,C,OT_PA5,-397.7686208,PA5_C
25,Fall,C,OT_PA5,-258.1916606,PA5_C
26,Fall,C,OT_PA5,-177.4311015,PA5_C
27,Fall,C,OT_PA5,-331.8567607,PA5_C
28,Fall,C,OT_PA5,-54.70170085,PA5_C
29,Fall,C,OT_PA5,480.6995138,PA5_C
30,Fall,C,OT_PA5,1505.578608,PA5_C
31,Fall,C,OT_PA5,3034.931582,PA5_C
32,Fall,C,OT_PA5,4455.990295,PA5_C
33,Fall,C,OT_PA5,5993.804199,PA5_C
34,Fall,C,OT_PA5,8289.26945,PA5_C
35,Fall,C,OT_PA5,10680.28654,PA5_C
1,Fall,D,OT_PA5,-181.4380595,PA5_D
2,Fall,D,OT_PA5,-57.32978312,PA5_D
3,Fall,D,OT_PA5,86.3305494,PA5_D
4,Fall,D,OT_PA5,-6.220022837,PA5_D
5,Fall,D,OT_PA5,-10.05185572,PA5_D
6,Fall,D,OT_PA5,60.41057587,PA5_D
7,Fall,D,OT_PA5,7.266243617,PA5_D
8,Fall,D,OT_PA5,-117.5681915,PA5_D
9,Fall,D,OT_PA5,-83.53544871,PA5_D
10,Fall,D,OT_PA5,-92.15372976,PA5_D
11,Fall,D,OT_PA5,-34.43869527,PA5_D
12,Fall,D,OT_PA5,234.9456126,PA5_D
13,Fall,D,OT_PA5,748.6866964,PA5_D
14,Fall,D,OT_PA5,1633.201213,PA5_D
15,Fall,D,OT_PA5,2756.13505,PA5_D
16,Fall,D,OT_PA5,5019.19637,PA5_D
17,Fall,D,OT_PA5,8838.044271,PA5_D
18,Fall,D,OT_PA5,14782.65527,PA5_D
19,Fall,D,OT_PA5,23225.59635,PA5_D
20,Fall,D,OT_PA5,34746.11328,PA5_D
21,Fall,D,OT_PA5,49790.73633,PA5_D
22,Fall,D,OT_PA5,67730.55339,PA5_D
23,Fall,D,OT_PA5,88047.8737,PA5_D
24,Fall,D,OT_PA5,110256.7448,PA5_D
25,Fall,D,OT_PA5,132736.9661,PA5_D
26,Fall,D,OT_PA5,155269.9635,PA5_D
27,Fall,D,OT_PA5,177318.3854,PA5_D
28,Fall,D,OT_PA5,197810.8333,PA5_D
29,Fall,D,OT_PA5,217773.0677,PA5_D
30,Fall,D,OT_PA5,235521.0521,PA5_D
31,Fall,D,OT_PA5,252074.6302,PA5_D
32,Fall,D,OT_PA5,266767.026,PA5_D
33,Fall,D,OT_PA5,279838.4479,PA5_D
34,Fall,D,OT_PA5,292020.9792,PA5_D
35,Fall,D,OT_PA5,301440.901,PA5_D
1,Winter,C,OT_PA5,-3368.251139,PA5_C
2,Winter,C,OT_PA5,-2635.668854,PA5_C
3,Winter,C,OT_PA5,-1508.881007,PA5_C
4,Winter,C,OT_PA5,-766.3860067,PA5_C
5,Winter,C,OT_PA5,-199.7178726,PA5_C
6,Winter,C,OT_PA5,61.19506327,PA5_C
7,Winter,C,OT_PA5,458.3553823,PA5_C
8,Winter,C,OT_PA5,466.67718,PA5_C
9,Winter,C,OT_PA5,614.3857015,PA5_C
10,Winter,C,OT_PA5,657.0642548,PA5_C
11,Winter,C,OT_PA5,423.6100006,PA5_C
12,Winter,C,OT_PA5,217.3445384,PA5_C
13,Winter,C,OT_PA5,92.47361247,PA5_C
14,Winter,C,OT_PA5,323.6690928,PA5_C
15,Winter,C,OT_PA5,260.1419652,PA5_C
16,Winter,C,OT_PA5,97.27883403,PA5_C
17,Winter,C,OT_PA5,94.03422038,PA5_C
18,Winter,C,OT_PA5,232.6763179,PA5_C
19,Winter,C,OT_PA5,89.935613,PA5_C
20,Winter,C,OT_PA5,-43.17879995,PA5_C
21,Winter,C,OT_PA5,177.5570501,PA5_C
22,Winter,C,OT_PA5,467.1079966,PA5_C
23,Winter,C,OT_PA5,1503.110718,PA5_C
24,Winter,C,OT_PA5,3073.079753,PA5_C
25,Winter,C,OT_PA5,4971.897786,PA5_C
26,Winter,C,OT_PA5,8524.029541,PA5_C
27,Winter,C,OT_PA5,12900.0088,PA5_C
28,Winter,C,OT_PA5,18349.50403,PA5_C
29,Winter,C,OT_PA5,24933.84001,PA5_C
30,Winter,C,OT_PA5,32553.21745,PA5_C
31,Winter,C,OT_PA5,40691.76595,PA5_C
32,Winter,C,OT_PA5,49625.14909,PA5_C
33,Winter,C,OT_PA5,58494.57031,PA5_C
34,Winter,C,OT_PA5,67349.28678,PA5_C
35,Winter,C,OT_PA5,74553.03451,PA5_C
1,Winter,D,OT_PA5,470.6818644,PA5_D
2,Winter,D,OT_PA5,346.4669596,PA5_D
3,Winter,D,OT_PA5,-10.07478587,PA5_D
4,Winter,D,OT_PA5,-42.73371506,PA5_D
5,Winter,D,OT_PA5,219.1086528,PA5_D
6,Winter,D,OT_PA5,233.3273239,PA5_D
7,Winter,D,OT_PA5,32.1032931,PA5_D
8,Winter,D,OT_PA5,-241.5074717,PA5_D
9,Winter,D,OT_PA5,-359.8460846,PA5_D
10,Winter,D,OT_PA5,-175.9971975,PA5_D
11,Winter,D,OT_PA5,127.1706848,PA5_D
12,Winter,D,OT_PA5,611.9883296,PA5_D
13,Winter,D,OT_PA5,1016.972605,PA5_D
14,Winter,D,OT_PA5,1582.428284,PA5_D
15,Winter,D,OT_PA5,3315.337016,PA5_D
16,Winter,D,OT_PA5,5592.083252,PA5_D
17,Winter,D,OT_PA5,10367.59863,PA5_D
18,Winter,D,OT_PA5,17370.72314,PA5_D
19,Winter,D,OT_PA5,26561.12956,PA5_D
20,Winter,D,OT_PA5,38331.87435,PA5_D
21,Winter,D,OT_PA5,52893.38216,PA5_D
22,Winter,D,OT_PA5,70043.25065,PA5_D
23,Winter,D,OT_PA5,88194.66536,PA5_D
24,Winter,D,OT_PA5,107734.7773,PA5_D
25,Winter,D,OT_PA5,127893.9792,PA5_D
26,Winter,D,OT_PA5,148623.6276,PA5_D
27,Winter,D,OT_PA5,168449.6979,PA5_D
28,Winter,D,OT_PA5,186798.1563,PA5_D
29,Winter,D,OT_PA5,204006.8906,PA5_D
30,Winter,D,OT_PA5,219859.7917,PA5_D
31,Winter,D,OT_PA5,233966.1198,PA5_D
32,Winter,D,OT_PA5,246782.2604,PA5_D
33,Winter,D,OT_PA5,258610.2813,PA5_D
34,Winter,D,OT_PA5,268844.0365,PA5_D
35,Winter,D,OT_PA5,276439.1771,PA5_D
1,Spring,C,OT_PA5,-1134.858968,PA5_C
2,Spring,C,OT_PA5,118.928304,PA5_C
3,Spring,C,OT_PA5,311.1841125,PA5_C
4,Spring,C,OT_PA5,505.4817098,PA5_C
5,Spring,C,OT_PA5,846.3912964,PA5_C
6,Spring,C,OT_PA5,463.1706238,PA5_C
7,Spring,C,OT_PA5,-71.94325765,PA5_C
8,Spring,C,OT_PA5,-157.7602743,PA5_C
9,Spring,C,OT_PA5,-480.7856038,PA5_C
10,Spring,C,OT_PA5,-1046.089607,PA5_C
11,Spring,C,OT_PA5,-972.112325,PA5_C
12,Spring,C,OT_PA5,-700.3616333,PA5_C
13,Spring,C,OT_PA5,-618.2073161,PA5_C
14,Spring,C,OT_PA5,-259.9435832,PA5_C
15,Spring,C,OT_PA5,-39.89601135,PA5_C
16,Spring,C,OT_PA5,243.492719,PA5_C
17,Spring,C,OT_PA5,880.6054077,PA5_C
18,Spring,C,OT_PA5,1045.017583,PA5_C
19,Spring,C,OT_PA5,1132.671865,PA5_C
20,Spring,C,OT_PA5,1467.66997,PA5_C
21,Spring,C,OT_PA5,1892.543078,PA5_C
22,Spring,C,OT_PA5,2470.332865,PA5_C
23,Spring,C,OT_PA5,3133.026123,PA5_C
24,Spring,C,OT_PA5,3816.677887,PA5_C
25,Spring,C,OT_PA5,4431.717662,PA5_C
26,Spring,C,OT_PA5,5426.064697,PA5_C
27,Spring,C,OT_PA5,6849.302409,PA5_C
28,Spring,C,OT_PA5,9500.233236,PA5_C
29,Spring,C,OT_PA5,13515.06462,PA5_C
30,Spring,C,OT_PA5,19056.08594,PA5_C
31,Spring,C,OT_PA5,26934.36523,PA5_C
32,Spring,C,OT_PA5,38405.16992,PA5_C
33,Spring,C,OT_PA5,52380.03255,PA5_C
34,Spring,C,OT_PA5,68705.97266,PA5_C
35,Spring,C,OT_PA5,84903.55208,PA5_C
1,Spring,D,OT_PA5,-946.328186,PA5_D
2,Spring,D,OT_PA5,-511.0967712,PA5_D
3,Spring,D,OT_PA5,-115.029363,PA5_D
4,Spring,D,OT_PA5,55.92343394,PA5_D
5,Spring,D,OT_PA5,114.998642,PA5_D
6,Spring,D,OT_PA5,121.5868683,PA5_D
7,Spring,D,OT_PA5,-117.8665746,PA5_D
8,Spring,D,OT_PA5,-188.3096059,PA5_D
9,Spring,D,OT_PA5,79.82550939,PA5_D
10,Spring,D,OT_PA5,88.39289347,PA5_D
11,Spring,D,OT_PA5,221.1530018,PA5_D
12,Spring,D,OT_PA5,1029.366257,PA5_D
13,Spring,D,OT_PA5,2306.121114,PA5_D
14,Spring,D,OT_PA5,5523.055745,PA5_D
15,Spring,D,OT_PA5,11144.46191,PA5_D
16,Spring,D,OT_PA5,20348.17969,PA5_D
17,Spring,D,OT_PA5,33973.18815,PA5_D
18,Spring,D,OT_PA5,52650.69531,PA5_D
19,Spring,D,OT_PA5,75945.79557,PA5_D
20,Spring,D,OT_PA5,102109.0091,PA5_D
21,Spring,D,OT_PA5,130152.9219,PA5_D
22,Spring,D,OT_PA5,158083.5026,PA5_D
23,Spring,D,OT_PA5,184916.151,PA5_D
24,Spring,D,OT_PA5,209170.0443,PA5_D
25,Spring,D,OT_PA5,230744.2656,PA5_D
26,Spring,D,OT_PA5,250633.026,PA5_D
27,Spring,D,OT_PA5,267617.401,PA5_D
28,Spring,D,OT_PA5,281960.6042,PA5_D
29,Spring,D,OT_PA5,294991.026,PA5_D
30,Spring,D,OT_PA5,305517.5052,PA5_D
31,Spring,D,OT_PA5,314288.8333,PA5_D
32,Spring,D,OT_PA5,321968.6875,PA5_D
33,Spring,D,OT_PA5,328564.2865,PA5_D
34,Spring,D,OT_PA5,333114.8333,PA5_D
35,Spring,D,OT_PA5,336024.8021,PA5_D
1,Summer,C,OT_PA9,-431.6980184,PA9_C
2,Summer,C,OT_PA9,138.0933838,PA9_C
3,Summer,C,OT_PA9,431.068278,PA9_C
4,Summer,C,OT_PA9,248.1636963,PA9_C
5,Summer,C,OT_PA9,351.7154592,PA9_C
6,Summer,C,OT_PA9,395.0107142,PA9_C
7,Summer,C,OT_PA9,-56.07487488,PA9_C
8,Summer,C,OT_PA9,-200.8284428,PA9_C
9,Summer,C,OT_PA9,-42.15493774,PA9_C
10,Summer,C,OT_PA9,-262.4579817,PA9_C
11,Summer,C,OT_PA9,-602.7851156,PA9_C
12,Summer,C,OT_PA9,-741.1864827,PA9_C
13,Summer,C,OT_PA9,-406.7030544,PA9_C
14,Summer,C,OT_PA9,-26.3016777,PA9_C
15,Summer,C,OT_PA9,28.25009473,PA9_C
16,Summer,C,OT_PA9,26.34744008,PA9_C
17,Summer,C,OT_PA9,278.8477656,PA9_C
18,Summer,C,OT_PA9,382.7843119,PA9_C
19,Summer,C,OT_PA9,276.6238505,PA9_C
20,Summer,C,OT_PA9,-10.00473022,PA9_C
21,Summer,C,OT_PA9,-54.19904582,PA9_C
22,Summer,C,OT_PA9,97.7049408,PA9_C
23,Summer,C,OT_PA9,-49.8240153,PA9_C
24,Summer,C,OT_PA9,-197.627065,PA9_C
25,Summer,C,OT_PA9,-438.3292084,PA9_C
26,Summer,C,OT_PA9,-374.7982534,PA9_C
27,Summer,C,OT_PA9,-164.3864644,PA9_C
28,Summer,C,OT_PA9,271.877566,PA9_C
29,Summer,C,OT_PA9,460.5341314,PA9_C
30,Summer,C,OT_PA9,342.1750946,PA9_C
31,Summer,C,OT_PA9,284.3518677,PA9_C
32,Summer,C,OT_PA9,590.0781148,PA9_C
33,Summer,C,OT_PA9,601.3232396,PA9_C
34,Summer,C,OT_PA9,535.7793477,PA9_C
35,Summer,C,OT_PA9,566.7099813,PA9_C
1,Summer,D,OT_PA9,514.5522461,PA9_D
2,Summer,D,OT_PA9,1188.150808,PA9_D
3,Summer,D,OT_PA9,1690.876923,PA9_D
4,Summer,D,OT_PA9,1713.064082,PA9_D
5,Summer,D,OT_PA9,1257.378723,PA9_D
6,Summer,D,OT_PA9,1291.789846,PA9_D
7,Summer,D,OT_PA9,1112.937887,PA9_D
8,Summer,D,OT_PA9,772.7265066,PA9_D
9,Summer,D,OT_PA9,62.05162811,PA9_D
10,Summer,D,OT_PA9,-485.9878235,PA9_D
11,Summer,D,OT_PA9,-623.3632329,PA9_D
12,Summer,D,OT_PA9,-1263.702189,PA9_D
13,Summer,D,OT_PA9,-1242.916158,PA9_D
14,Summer,D,OT_PA9,-922.7889353,PA9_D
15,Summer,D,OT_PA9,-870.3596675,PA9_D
16,Summer,D,OT_PA9,-811.0215276,PA9_D
17,Summer,D,OT_PA9,-1056.021929,PA9_D
18,Summer,D,OT_PA9,-1090.566622,PA9_D
19,Summer,D,OT_PA9,-1263.137357,PA9_D
20,Summer,D,OT_PA9,-1457.812215,PA9_D
21,Summer,D,OT_PA9,-1183.427221,PA9_D
22,Summer,D,OT_PA9,-613.253123,PA9_D
23,Summer,D,OT_PA9,-606.2327118,PA9_D
24,Summer,D,OT_PA9,-521.8398641,PA9_D
25,Summer,D,OT_PA9,-376.6918538,PA9_D
26,Summer,D,OT_PA9,-3.911005656,PA9_D
27,Summer,D,OT_PA9,287.9922307,PA9_D
28,Summer,D,OT_PA9,343.3277842,PA9_D
29,Summer,D,OT_PA9,414.1008097,PA9_D
30,Summer,D,OT_PA9,521.2253914,PA9_D
31,Summer,D,OT_PA9,828.4020691,PA9_D
32,Summer,D,OT_PA9,1049.42511,PA9_D
33,Summer,D,OT_PA9,1354.599166,PA9_D
34,Summer,D,OT_PA9,1693.135284,PA9_D
35,Summer,D,OT_PA9,2219.681691,PA9_D
1,Fall,C,OT_PA9,-5948.462809,PA9_C
2,Fall,C,OT_PA9,-4705.811442,PA9_C
3,Fall,C,OT_PA9,-3075.011312,PA9_C
4,Fall,C,OT_PA9,-1308.109685,PA9_C
5,Fall,C,OT_PA9,-259.7419535,PA9_C
6,Fall,C,OT_PA9,411.7716064,PA9_C
7,Fall,C,OT_PA9,610.8867594,PA9_C
8,Fall,C,OT_PA9,731.2076619,PA9_C
9,Fall,C,OT_PA9,522.161321,PA9_C
10,Fall,C,OT_PA9,268.9223073,PA9_C
11,Fall,C,OT_PA9,495.3525391,PA9_C
12,Fall,C,OT_PA9,767.0093689,PA9_C
13,Fall,C,OT_PA9,820.8432821,PA9_C
14,Fall,C,OT_PA9,849.1016235,PA9_C
15,Fall,C,OT_PA9,783.9355456,PA9_C
16,Fall,C,OT_PA9,590.8371175,PA9_C
17,Fall,C,OT_PA9,608.6684265,PA9_C
18,Fall,C,OT_PA9,445.5179443,PA9_C
19,Fall,C,OT_PA9,279.2216288,PA9_C
20,Fall,C,OT_PA9,295.1935527,PA9_C
21,Fall,C,OT_PA9,168.972758,PA9_C
22,Fall,C,OT_PA9,-162.3860601,PA9_C
23,Fall,C,OT_PA9,-230.1667328,PA9_C
24,Fall,C,OT_PA9,-124.0021222,PA9_C
25,Fall,C,OT_PA9,-284.9025968,PA9_C
26,Fall,C,OT_PA9,-685.1207682,PA9_C
27,Fall,C,OT_PA9,-1020.338959,PA9_C
28,Fall,C,OT_PA9,-951.7316284,PA9_C
29,Fall,C,OT_PA9,-1068.262329,PA9_C
30,Fall,C,OT_PA9,-1206.371114,PA9_C
31,Fall,C,OT_PA9,-888.7767944,PA9_C
32,Fall,C,OT_PA9,-511.0991821,PA9_C
33,Fall,C,OT_PA9,21.47951253,PA9_C
34,Fall,C,OT_PA9,3104.938419,PA9_C
35,Fall,C,OT_PA9,4318.951965,PA9_C
1,Fall,D,OT_PA9,-4158.123901,PA9_D
2,Fall,D,OT_PA9,-3581.356481,PA9_D
3,Fall,D,OT_PA9,-2547.38857,PA9_D
4,Fall,D,OT_PA9,-1648.532557,PA9_D
5,Fall,D,OT_PA9,-1387.765066,PA9_D
6,Fall,D,OT_PA9,-384.190328,PA9_D
7,Fall,D,OT_PA9,278.0510941,PA9_D
8,Fall,D,OT_PA9,448.4461848,PA9_D
9,Fall,D,OT_PA9,1333.239693,PA9_D
10,Fall,D,OT_PA9,1740.025431,PA9_D
11,Fall,D,OT_PA9,1571.037613,PA9_D
12,Fall,D,OT_PA9,1056.047314,PA9_D
13,Fall,D,OT_PA9,1196.892909,PA9_D
14,Fall,D,OT_PA9,1183.196798,PA9_D
15,Fall,D,OT_PA9,1282.136225,PA9_D
16,Fall,D,OT_PA9,1096.955729,PA9_D
17,Fall,D,OT_PA9,342.759669,PA9_D
18,Fall,D,OT_PA9,502.5662028,PA9_D
19,Fall,D,OT_PA9,1038.414388,PA9_D
20,Fall,D,OT_PA9,1578.616699,PA9_D
21,Fall,D,OT_PA9,2222.811361,PA9_D
22,Fall,D,OT_PA9,3204.69873,PA9_D
23,Fall,D,OT_PA9,4934.273234,PA9_D
24,Fall,D,OT_PA9,6828.481038,PA9_D
25,Fall,D,OT_PA9,9073.740682,PA9_D
26,Fall,D,OT_PA9,12821.21111,PA9_D
27,Fall,D,OT_PA9,16828.85927,PA9_D
28,Fall,D,OT_PA9,21982.0293,PA9_D
29,Fall,D,OT_PA9,29199.81315,PA9_D
30,Fall,D,OT_PA9,36916.69548,PA9_D
31,Fall,D,OT_PA9,46469.11849,PA9_D
32,Fall,D,OT_PA9,56454.66829,PA9_D
33,Fall,D,OT_PA9,67890.71745,PA9_D
34,Fall,D,OT_PA9,80722.25456,PA9_D
35,Fall,D,OT_PA9,93216.05339,PA9_D
1,Winter,C,OT_PA9,-3326.449443,PA9_C
2,Winter,C,OT_PA9,-2622.329793,PA9_C
3,Winter,C,OT_PA9,-1539.309021,PA9_C
4,Winter,C,OT_PA9,-764.8116455,PA9_C
5,Winter,C,OT_PA9,-343.9159342,PA9_C
6,Winter,C,OT_PA9,-2.512369792,PA9_C
7,Winter,C,OT_PA9,47.84951019,PA9_C
8,Winter,C,OT_PA9,-11.79380671,PA9_C
9,Winter,C,OT_PA9,345.4769389,PA9_C
10,Winter,C,OT_PA9,452.3440294,PA9_C
11,Winter,C,OT_PA9,563.9923706,PA9_C
12,Winter,C,OT_PA9,459.3594564,PA9_C
13,Winter,C,OT_PA9,535.8984477,PA9_C
14,Winter,C,OT_PA9,760.1249288,PA9_C
15,Winter,C,OT_PA9,405.0753377,PA9_C
16,Winter,C,OT_PA9,260.7523397,PA9_C
17,Winter,C,OT_PA9,424.0829926,PA9_C
18,Winter,C,OT_PA9,-205.2504476,PA9_C
19,Winter,C,OT_PA9,-425.7505341,PA9_C
20,Winter,C,OT_PA9,93.24676641,PA9_C
21,Winter,C,OT_PA9,200.8612706,PA9_C
22,Winter,C,OT_PA9,-149.1101888,PA9_C
23,Winter,C,OT_PA9,-101.4045537,PA9_C
24,Winter,C,OT_PA9,305.1240082,PA9_C
25,Winter,C,OT_PA9,239.113505,PA9_C
26,Winter,C,OT_PA9,-123.4907544,PA9_C
27,Winter,C,OT_PA9,-164.886673,PA9_C
28,Winter,C,OT_PA9,-25.50395711,PA9_C
29,Winter,C,OT_PA9,-154.3712362,PA9_C
30,Winter,C,OT_PA9,-265.5379864,PA9_C
31,Winter,C,OT_PA9,-238.8193359,PA9_C
32,Winter,C,OT_PA9,-251.5069173,PA9_C
33,Winter,C,OT_PA9,-101.3637613,PA9_C
34,Winter,C,OT_PA9,-223.9628442,PA9_C
35,Winter,C,OT_PA9,-304.4629288,PA9_C
1,Winter,D,OT_PA9,699.0524089,PA9_D
2,Winter,D,OT_PA9,1107.547038,PA9_D
3,Winter,D,OT_PA9,1133.075521,PA9_D
4,Winter,D,OT_PA9,649.9087524,PA9_D
5,Winter,D,OT_PA9,599.5075582,PA9_D
6,Winter,D,OT_PA9,732.7678477,PA9_D
7,Winter,D,OT_PA9,151.2624938,PA9_D
8,Winter,D,OT_PA9,62.31705221,PA9_D
9,Winter,D,OT_PA9,-246.4695384,PA9_D
10,Winter,D,OT_PA9,-690.5816701,PA9_D
11,Winter,D,OT_PA9,-875.5479533,PA9_D
12,Winter,D,OT_PA9,-598.2824758,PA9_D
13,Winter,D,OT_PA9,-525.1003113,PA9_D
14,Winter,D,OT_PA9,-1175.957225,PA9_D
15,Winter,D,OT_PA9,-1062.222977,PA9_D
16,Winter,D,OT_PA9,-90.96791585,PA9_D
17,Winter,D,OT_PA9,179.1178487,PA9_D
18,Winter,D,OT_PA9,293.5500234,PA9_D
19,Winter,D,OT_PA9,145.7816544,PA9_D
20,Winter,D,OT_PA9,112.5653737,PA9_D
21,Winter,D,OT_PA9,307.9845037,PA9_D
22,Winter,D,OT_PA9,479.2291463,PA9_D
23,Winter,D,OT_PA9,548.8097382,PA9_D
24,Winter,D,OT_PA9,545.1976522,PA9_D
25,Winter,D,OT_PA9,1129.476135,PA9_D
26,Winter,D,OT_PA9,1732.262451,PA9_D
27,Winter,D,OT_PA9,2468.270182,PA9_D
28,Winter,D,OT_PA9,3279.796122,PA9_D
29,Winter,D,OT_PA9,4711.084812,PA9_D
30,Winter,D,OT_PA9,6502.598073,PA9_D
31,Winter,D,OT_PA9,8316.160197,PA9_D
32,Winter,D,OT_PA9,10151.94884,PA9_D
33,Winter,D,OT_PA9,13054.83645,PA9_D
34,Winter,D,OT_PA9,16829.74361,PA9_D
35,Winter,D,OT_PA9,20162.32129,PA9_D
1,Spring,C,OT_PA9,-2761.396912,PA9_C
2,Spring,C,OT_PA9,-2105.545146,PA9_C
3,Spring,C,OT_PA9,-1227.434235,PA9_C
4,Spring,C,OT_PA9,-310.6384888,PA9_C
5,Spring,C,OT_PA9,28.61430995,PA9_C
6,Spring,C,OT_PA9,144.1796163,PA9_C
7,Spring,C,OT_PA9,6.914194743,PA9_C
8,Spring,C,OT_PA9,104.7685649,PA9_C
9,Spring,C,OT_PA9,468.07606,PA9_C
10,Spring,C,OT_PA9,635.8470917,PA9_C
11,Spring,C,OT_PA9,566.875946,PA9_C
12,Spring,C,OT_PA9,413.1912537,PA9_C
13,Spring,C,OT_PA9,383.0273895,PA9_C
14,Spring,C,OT_PA9,199.597908,PA9_C
15,Spring,C,OT_PA9,-151.7560679,PA9_C
16,Spring,C,OT_PA9,-215.8756307,PA9_C
17,Spring,C,OT_PA9,-69.6280543,PA9_C
18,Spring,C,OT_PA9,-129.7320201,PA9_C
19,Spring,C,OT_PA9,-65.40108999,PA9_C
20,Spring,C,OT_PA9,-47.02068011,PA9_C
21,Spring,C,OT_PA9,-177.7470449,PA9_C
22,Spring,C,OT_PA9,-794.4291178,PA9_C
23,Spring,C,OT_PA9,-825.5982005,PA9_C
24,Spring,C,OT_PA9,-167.0511271,PA9_C
25,Spring,C,OT_PA9,233.3605359,PA9_C
26,Spring,C,OT_PA9,833.152415,PA9_C
27,Spring,C,OT_PA9,1765.394796,PA9_C
28,Spring,C,OT_PA9,3511.079875,PA9_C
29,Spring,C,OT_PA9,6137.074788,PA9_C
30,Spring,C,OT_PA9,10612.60889,PA9_C
31,Spring,C,OT_PA9,17059.46842,PA9_C
32,Spring,C,OT_PA9,25943.84863,PA9_C
33,Spring,C,OT_PA9,37509.77734,PA9_C
34,Spring,C,OT_PA9,50897.21159,PA9_C
35,Spring,C,OT_PA9,63770.64714,PA9_C
1,Spring,D,OT_PA9,549.4656982,PA9_D
2,Spring,D,OT_PA9,599.9624532,PA9_D
3,Spring,D,OT_PA9,239.3980303,PA9_D
4,Spring,D,OT_PA9,-90.82266124,PA9_D
5,Spring,D,OT_PA9,-98.68137487,PA9_D
6,Spring,D,OT_PA9,91.20861053,PA9_D
7,Spring,D,OT_PA9,31.37984975,PA9_D
8,Spring,D,OT_PA9,-38.88381195,PA9_D
9,Spring,D,OT_PA9,-305.5315832,PA9_D
10,Spring,D,OT_PA9,-248.8655656,PA9_D
11,Spring,D,OT_PA9,128.4788513,PA9_D
12,Spring,D,OT_PA9,292.3141434,PA9_D
13,Spring,D,OT_PA9,745.3161112,PA9_D
14,Spring,D,OT_PA9,1515.203491,PA9_D
15,Spring,D,OT_PA9,2887.532308,PA9_D
16,Spring,D,OT_PA9,4863.19165,PA9_D
17,Spring,D,OT_PA9,8953.021973,PA9_D
18,Spring,D,OT_PA9,15708.09896,PA9_D
19,Spring,D,OT_PA9,26260.65039,PA9_D
20,Spring,D,OT_PA9,40610.89583,PA9_D
21,Spring,D,OT_PA9,59557.36849,PA9_D
22,Spring,D,OT_PA9,83362.09896,PA9_D
23,Spring,D,OT_PA9,110661.25,PA9_D
24,Spring,D,OT_PA9,140543.1667,PA9_D
25,Spring,D,OT_PA9,171552.6667,PA9_D
26,Spring,D,OT_PA9,202226.651,PA9_D
27,Spring,D,OT_PA9,232714.0781,PA9_D
28,Spring,D,OT_PA9,261156.125,PA9_D
29,Spring,D,OT_PA9,288113.2656,PA9_D
30,Spring,D,OT_PA9,312797.1042,PA9_D
31,Spring,D,OT_PA9,335018.5104,PA9_D
32,Spring,D,OT_PA9,355375.4583,PA9_D
33,Spring,D,OT_PA9,373674.8646,PA9_D
34,Spring,D,OT_PA9,390340.4167,PA9_D
35,Spring,D,OT_PA9,403129.7292,PA9_D
1,Summer,C,OT_PA10,-1591.133931,PA10_C
2,Summer,C,OT_PA10,-1152.191762,PA10_C
3,Summer,C,OT_PA10,-485.4721883,PA10_C
4,Summer,C,OT_PA10,-251.8985138,PA10_C
5,Summer,C,OT_PA10,-52.11909103,PA10_C
6,Summer,C,OT_PA10,251.7696867,PA10_C
7,Summer,C,OT_PA10,418.6832225,PA10_C
8,Summer,C,OT_PA10,215.1371028,PA10_C
9,Summer,C,OT_PA10,57.72120158,PA10_C
10,Summer,C,OT_PA10,71.79749552,PA10_C
11,Summer,C,OT_PA10,-89.11452738,PA10_C
12,Summer,C,OT_PA10,-167.7348468,PA10_C
13,Summer,C,OT_PA10,210.5653901,PA10_C
14,Summer,C,OT_PA10,98.88646444,PA10_C
15,Summer,C,OT_PA10,114.0395813,PA10_C
16,Summer,C,OT_PA10,15.3788859,PA10_C
17,Summer,C,OT_PA10,-98.44978575,PA10_C
18,Summer,C,OT_PA10,-12.85527039,PA10_C
19,Summer,C,OT_PA10,-124.5263786,PA10_C
20,Summer,C,OT_PA10,-142.4722379,PA10_C
21,Summer,C,OT_PA10,-5.187616984,PA10_C
22,Summer,C,OT_PA10,-54.80664825,PA10_C
23,Summer,C,OT_PA10,-8.093648275,PA10_C
24,Summer,C,OT_PA10,288.2951355,PA10_C
25,Summer,C,OT_PA10,429.0211589,PA10_C
26,Summer,C,OT_PA10,1257.954203,PA10_C
27,Summer,C,OT_PA10,2304.560465,PA10_C
28,Summer,C,OT_PA10,4573.221273,PA10_C
29,Summer,C,OT_PA10,8778.710449,PA10_C
30,Summer,C,OT_PA10,16255.57845,PA10_C
31,Summer,C,OT_PA10,28599.67904,PA10_C
32,Summer,C,OT_PA10,46625.47526,PA10_C
33,Summer,C,OT_PA10,70106.10547,PA10_C
34,Summer,C,OT_PA10,97308.78385,PA10_C
35,Summer,C,OT_PA10,120929.2031,PA10_C
1,Summer,D,OT_PA10,170.7238261,PA10_D
2,Summer,D,OT_PA10,305.6721255,PA10_D
3,Summer,D,OT_PA10,206.9889018,PA10_D
4,Summer,D,OT_PA10,-125.0562998,PA10_D
5,Summer,D,OT_PA10,-108.0689494,PA10_D
6,Summer,D,OT_PA10,-31.65972328,PA10_D
7,Summer,D,OT_PA10,-78.62419383,PA10_D
8,Summer,D,OT_PA10,67.85144075,PA10_D
9,Summer,D,OT_PA10,-27.49454117,PA10_D
10,Summer,D,OT_PA10,265.7597351,PA10_D
11,Summer,D,OT_PA10,1150.691081,PA10_D
12,Summer,D,OT_PA10,2081.372477,PA10_D
13,Summer,D,OT_PA10,3195.404215,PA10_D
14,Summer,D,OT_PA10,5244.632324,PA10_D
15,Summer,D,OT_PA10,9185.572754,PA10_D
16,Summer,D,OT_PA10,15395.81413,PA10_D
17,Summer,D,OT_PA10,26447.2194,PA10_D
18,Summer,D,OT_PA10,44201.39844,PA10_D
19,Summer,D,OT_PA10,69277.12109,PA10_D
20,Summer,D,OT_PA10,101758.3099,PA10_D
21,Summer,D,OT_PA10,138762.6745,PA10_D
22,Summer,D,OT_PA10,178595.1354,PA10_D
23,Summer,D,OT_PA10,219063.5521,PA10_D
24,Summer,D,OT_PA10,256831.25,PA10_D
25,Summer,D,OT_PA10,291982.6094,PA10_D
26,Summer,D,OT_PA10,324040.3854,PA10_D
27,Summer,D,OT_PA10,352644.3958,PA10_D
28,Summer,D,OT_PA10,377956.1458,PA10_D
29,Summer,D,OT_PA10,399566.3438,PA10_D
30,Summer,D,OT_PA10,418642.9792,PA10_D
31,Summer,D,OT_PA10,435719.8021,PA10_D
32,Summer,D,OT_PA10,450083.2083,PA10_D
33,Summer,D,OT_PA10,462876.3229,PA10_D
34,Summer,D,OT_PA10,473649.8333,PA10_D
35,Summer,D,OT_PA10,481838.5729,PA10_D
1,Fall,C,OT_PA10,1660.42277,PA10_C
2,Fall,C,OT_PA10,1336.187317,PA10_C
3,Fall,C,OT_PA10,853.3945313,PA10_C
4,Fall,C,OT_PA10,284.5653076,PA10_C
5,Fall,C,OT_PA10,46.2387085,PA10_C
6,Fall,C,OT_PA10,332.9355367,PA10_C
7,Fall,C,OT_PA10,606.5855103,PA10_C
8,Fall,C,OT_PA10,368.1885783,PA10_C
9,Fall,C,OT_PA10,267.4244741,PA10_C
10,Fall,C,OT_PA10,169.1213074,PA10_C
11,Fall,C,OT_PA10,37.84417216,PA10_C
12,Fall,C,OT_PA10,-53.38350423,PA10_C
13,Fall,C,OT_PA10,-262.0017395,PA10_C
14,Fall,C,OT_PA10,-290.9246928,PA10_C
15,Fall,C,OT_PA10,139.5768229,PA10_C
16,Fall,C,OT_PA10,-68.58570862,PA10_C
17,Fall,C,OT_PA10,-658.542511,PA10_C
18,Fall,C,OT_PA10,-720.0696564,PA10_C
19,Fall,C,OT_PA10,-890.820769,PA10_C
20,Fall,C,OT_PA10,-979.3010508,PA10_C
21,Fall,C,OT_PA10,-711.2109375,PA10_C
22,Fall,C,OT_PA10,-610.0531845,PA10_C
23,Fall,C,OT_PA10,-671.9006093,PA10_C
24,Fall,C,OT_PA10,-313.5996348,PA10_C
25,Fall,C,OT_PA10,-456.1579997,PA10_C
26,Fall,C,OT_PA10,-468.513265,PA10_C
27,Fall,C,OT_PA10,-143.7721481,PA10_C
28,Fall,C,OT_PA10,632.7684326,PA10_C
29,Fall,C,OT_PA10,1457.4835,PA10_C
30,Fall,C,OT_PA10,2321.349569,PA10_C
31,Fall,C,OT_PA10,3737.512655,PA10_C
32,Fall,C,OT_PA10,6564.029582,PA10_C
33,Fall,C,OT_PA10,10856.19531,PA10_C
34,Fall,C,OT_PA10,17543.62077,PA10_C
35,Fall,C,OT_PA10,30945.21224,PA10_C
1,Fall,D,OT_PA10,-7021.306512,PA10_D
2,Fall,D,OT_PA10,-4813.871844,PA10_D
3,Fall,D,OT_PA10,-339.2421366,PA10_D
4,Fall,D,OT_PA10,4106.983864,PA10_D
5,Fall,D,OT_PA10,5090.811455,PA10_D
6,Fall,D,OT_PA10,-3265.342383,PA10_D
7,Fall,D,OT_PA10,-4749.191867,PA10_D
8,Fall,D,OT_PA10,-3220.106466,PA10_D
9,Fall,D,OT_PA10,-1849.018443,PA10_D
10,Fall,D,OT_PA10,-691.3287856,PA10_D
11,Fall,D,OT_PA10,556.5275002,PA10_D
12,Fall,D,OT_PA10,1513.159826,PA10_D
13,Fall,D,OT_PA10,2952.899043,PA10_D
14,Fall,D,OT_PA10,4445.132879,PA10_D
15,Fall,D,OT_PA10,5987.64799,PA10_D
16,Fall,D,OT_PA10,8911.91569,PA10_D
17,Fall,D,OT_PA10,12551.49609,PA10_D
18,Fall,D,OT_PA10,17701.66732,PA10_D
19,Fall,D,OT_PA10,24285.34408,PA10_D
20,Fall,D,OT_PA10,32954.56185,PA10_D
21,Fall,D,OT_PA10,44887.76497,PA10_D
22,Fall,D,OT_PA10,59406.67318,PA10_D
23,Fall,D,OT_PA10,75880.04427,PA10_D
24,Fall,D,OT_PA10,94106.69531,PA10_D
25,Fall,D,OT_PA10,114697.0208,PA10_D
26,Fall,D,OT_PA10,135037.888,PA10_D
27,Fall,D,OT_PA10,155509.3073,PA10_D
28,Fall,D,OT_PA10,175381.0781,PA10_D
29,Fall,D,OT_PA10,195626.1667,PA10_D
30,Fall,D,OT_PA10,213930.3698,PA10_D
31,Fall,D,OT_PA10,230724.7656,PA10_D
32,Fall,D,OT_PA10,246894.7396,PA10_D
33,Fall,D,OT_PA10,261824.5052,PA10_D
34,Fall,D,OT_PA10,275922.1302,PA10_D
35,Fall,D,OT_PA10,286905.2865,PA10_D
1,Winter,C,OT_PA10,-2755.304281,PA10_C
2,Winter,C,OT_PA10,-2283.455078,PA10_C
3,Winter,C,OT_PA10,-1261.470296,PA10_C
4,Winter,C,OT_PA10,-621.5741069,PA10_C
5,Winter,C,OT_PA10,-66.51256053,PA10_C
6,Winter,C,OT_PA10,115.9148814,PA10_C
7,Winter,C,OT_PA10,544.90743,PA10_C
8,Winter,C,OT_PA10,625.1773275,PA10_C
9,Winter,C,OT_PA10,266.9498049,PA10_C
10,Winter,C,OT_PA10,358.5686633,PA10_C
11,Winter,C,OT_PA10,255.3437525,PA10_C
12,Winter,C,OT_PA10,72.1865743,PA10_C
13,Winter,C,OT_PA10,377.3340556,PA10_C
14,Winter,C,OT_PA10,412.9815572,PA10_C
15,Winter,C,OT_PA10,277.9467494,PA10_C
16,Winter,C,OT_PA10,-248.7560272,PA10_C
17,Winter,C,OT_PA10,-626.6332601,PA10_C
18,Winter,C,OT_PA10,38.10798136,PA10_C
19,Winter,C,OT_PA10,661.2294245,PA10_C
20,Winter,C,OT_PA10,1338.412109,PA10_C
21,Winter,C,OT_PA10,2262.601218,PA10_C
22,Winter,C,OT_PA10,2554.035126,PA10_C
23,Winter,C,OT_PA10,2931.012146,PA10_C
24,Winter,C,OT_PA10,3938.408488,PA10_C
25,Winter,C,OT_PA10,5469.378621,PA10_C
26,Winter,C,OT_PA10,8314.332174,PA10_C
27,Winter,C,OT_PA10,13197.17112,PA10_C
28,Winter,C,OT_PA10,20492.98664,PA10_C
29,Winter,C,OT_PA10,30577.68042,PA10_C
30,Winter,C,OT_PA10,43027.11377,PA10_C
31,Winter,C,OT_PA10,57496.0953,PA10_C
32,Winter,C,OT_PA10,72993.9388,PA10_C
33,Winter,C,OT_PA10,89068.10791,PA10_C
34,Winter,C,OT_PA10,104991.1336,PA10_C
35,Winter,C,OT_PA10,117802.6204,PA10_C
1,Winter,D,OT_PA10,-583.4470215,PA10_D
2,Winter,D,OT_PA10,-597.2737427,PA10_D
3,Winter,D,OT_PA10,-67.36739604,PA10_D
4,Winter,D,OT_PA10,21.55068461,PA10_D
5,Winter,D,OT_PA10,-164.2122243,PA10_D
6,Winter,D,OT_PA10,289.6107992,PA10_D
7,Winter,D,OT_PA10,185.3127289,PA10_D
8,Winter,D,OT_PA10,-120.1168563,PA10_D
9,Winter,D,OT_PA10,-276.4787191,PA10_D
10,Winter,D,OT_PA10,320.8377991,PA10_D
11,Winter,D,OT_PA10,653.4564056,PA10_D
12,Winter,D,OT_PA10,1222.343253,PA10_D
13,Winter,D,OT_PA10,3564.922689,PA10_D
14,Winter,D,OT_PA10,8267.950195,PA10_D
15,Winter,D,OT_PA10,16151.4043,PA10_D
16,Winter,D,OT_PA10,29683.33854,PA10_D
17,Winter,D,OT_PA10,51502.40755,PA10_D
18,Winter,D,OT_PA10,80768.00781,PA10_D
19,Winter,D,OT_PA10,115789.7578,PA10_D
20,Winter,D,OT_PA10,155593.7708,PA10_D
21,Winter,D,OT_PA10,196707.224,PA10_D
22,Winter,D,OT_PA10,236581.625,PA10_D
23,Winter,D,OT_PA10,275237.724,PA10_D
24,Winter,D,OT_PA10,310188.2604,PA10_D
25,Winter,D,OT_PA10,340835.1458,PA10_D
26,Winter,D,OT_PA10,369321.0208,PA10_D
27,Winter,D,OT_PA10,394678.0521,PA10_D
28,Winter,D,OT_PA10,416552.625,PA10_D
29,Winter,D,OT_PA10,435564.1563,PA10_D
30,Winter,D,OT_PA10,451506.0417,PA10_D
31,Winter,D,OT_PA10,465896.8125,PA10_D
32,Winter,D,OT_PA10,478274.7813,PA10_D
33,Winter,D,OT_PA10,489689.4792,PA10_D
34,Winter,D,OT_PA10,498754.6354,PA10_D
35,Winter,D,OT_PA10,505277.1563,PA10_D
1,Spring,C,OT_PA10,-3065.868856,PA10_C
2,Spring,C,OT_PA10,-2233.317037,PA10_C
3,Spring,C,OT_PA10,-1295.559553,PA10_C
4,Spring,C,OT_PA10,-508.4308929,PA10_C
5,Spring,C,OT_PA10,-41.23451742,PA10_C
6,Spring,C,OT_PA10,341.4370575,PA10_C
7,Spring,C,OT_PA10,672.2479858,PA10_C
8,Spring,C,OT_PA10,542.416982,PA10_C
9,Spring,C,OT_PA10,659.0703532,PA10_C
10,Spring,C,OT_PA10,870.5739594,PA10_C
11,Spring,C,OT_PA10,839.1739604,PA10_C
12,Spring,C,OT_PA10,390.6046956,PA10_C
13,Spring,C,OT_PA10,49.55362956,PA10_C
14,Spring,C,OT_PA10,125.7551905,PA10_C
15,Spring,C,OT_PA10,543.1233826,PA10_C
16,Spring,C,OT_PA10,45.95645523,PA10_C
17,Spring,C,OT_PA10,-411.6453883,PA10_C
18,Spring,C,OT_PA10,-500.3904521,PA10_C
19,Spring,C,OT_PA10,-423.4323985,PA10_C
20,Spring,C,OT_PA10,-517.1657283,PA10_C
21,Spring,C,OT_PA10,-547.3196665,PA10_C
22,Spring,C,OT_PA10,-455.4852816,PA10_C
23,Spring,C,OT_PA10,-496.8983409,PA10_C
24,Spring,C,OT_PA10,-638.4246419,PA10_C
25,Spring,C,OT_PA10,-847.2608643,PA10_C
26,Spring,C,OT_PA10,-903.4434306,PA10_C
27,Spring,C,OT_PA10,-779.2483521,PA10_C
28,Spring,C,OT_PA10,-707.8788656,PA10_C
29,Spring,C,OT_PA10,-176.8517965,PA10_C
30,Spring,C,OT_PA10,588.6883101,PA10_C
31,Spring,C,OT_PA10,1190.021389,PA10_C
32,Spring,C,OT_PA10,2141.730693,PA10_C
33,Spring,C,OT_PA10,3821.23173,PA10_C
34,Spring,C,OT_PA10,6234.318766,PA10_C
35,Spring,C,OT_PA10,8562.319458,PA10_C
1,Spring,D,OT_PA10,-1529.861654,PA10_D
2,Spring,D,OT_PA10,-234.733724,PA10_D
3,Spring,D,OT_PA10,265.1754659,PA10_D
4,Spring,D,OT_PA10,-43.01953634,PA10_D
5,Spring,D,OT_PA10,-224.8082918,PA10_D
6,Spring,D,OT_PA10,-129.8223165,PA10_D
7,Spring,D,OT_PA10,-37.68789546,PA10_D
8,Spring,D,OT_PA10,43.80329132,PA10_D
9,Spring,D,OT_PA10,123.2606303,PA10_D
10,Spring,D,OT_PA10,70.78437551,PA10_D
11,Spring,D,OT_PA10,-139.1059469,PA10_D
12,Spring,D,OT_PA10,-99.22932943,PA10_D
13,Spring,D,OT_PA10,151.199351,PA10_D
14,Spring,D,OT_PA10,282.8025157,PA10_D
15,Spring,D,OT_PA10,644.2103907,PA10_D
16,Spring,D,OT_PA10,1638.262777,PA10_D
17,Spring,D,OT_PA10,3143.596436,PA10_D
18,Spring,D,OT_PA10,4880.510742,PA10_D
19,Spring,D,OT_PA10,8162.978353,PA10_D
20,Spring,D,OT_PA10,12893.97607,PA10_D
21,Spring,D,OT_PA10,19275.40495,PA10_D
22,Spring,D,OT_PA10,28069.89486,PA10_D
23,Spring,D,OT_PA10,39074.79427,PA10_D
24,Spring,D,OT_PA10,52609.76042,PA10_D
25,Spring,D,OT_PA10,67640.76432,PA10_D
26,Spring,D,OT_PA10,83569.61979,PA10_D
27,Spring,D,OT_PA10,100278.7448,PA10_D
28,Spring,D,OT_PA10,116793.1484,PA10_D
29,Spring,D,OT_PA10,133248.0469,PA10_D
30,Spring,D,OT_PA10,148835.3099,PA10_D
31,Spring,D,OT_PA10,163776.1901,PA10_D
32,Spring,D,OT_PA10,177394.8177,PA10_D
33,Spring,D,OT_PA10,190216.9948,PA10_D
34,Spring,D,OT_PA10,201373.1458,PA10_D
35,Spring,D,OT_PA10,209967.1615,PA10_D
